{
  "BTC-USD_model_1": {
    "structure": ["LSTM", "LSTM", "LSTM", "LSTM"],
    "fold_results": [
      {
        "fold": 1,
        "RMSE": 238.37904441160083,
        "MAE": 237.33441613983516,
        "R\u00b2": -0.5063275394879805,
        "LSTM Units": 73,
        "Dropout Rate": 0.1116167224336399
      },
      {
        "fold": 2,
        "RMSE": 716.6813484218761,
        "MAE": 499.1194136110071,
        "R\u00b2": 0.9633711832737877,
        "LSTM Units": 77,
        "Dropout Rate": 0.1749080237694725
      },
      {
        "fold": 3,
        "RMSE": 868.1856382360988,
        "MAE": 633.9856231271405,
        "R\u00b2": 0.9719656865469539,
        "LSTM Units": 49,
        "Dropout Rate": 0.10485058720865102
      },
      {
        "fold": 4,
        "RMSE": 2750.7201512543593,
        "MAE": 2058.2542139340753,
        "R\u00b2": 0.9619361611617565,
        "LSTM Units": 73,
        "Dropout Rate": 0.1116167224336399
      },
      {
        "fold": 5,
        "RMSE": 2810.0375824174926,
        "MAE": 1862.253560635288,
        "R\u00b2": 0.9837992437436232,
        "LSTM Units": 77,
        "Dropout Rate": 0.1749080237694725
      }
    ],
    "best_r2_score": 0.9837992437436232
  },
  "BTC-USD_model_2": {
    "structure": ["GRU", "GRU", "GRU", "GRU"],
    "fold_results": [
      {
        "fold": 1,
        "RMSE": 112.1256417419421,
        "MAE": 110.3064718690637,
        "R\u00b2": 0.6667323565310481,
        "LSTM Units": 59,
        "Dropout Rate": 0.24639878836228102
      },
      {
        "fold": 2,
        "RMSE": 970.9442411825537,
        "MAE": 895.3191317636673,
        "R\u00b2": 0.9327705953455705,
        "LSTM Units": 73,
        "Dropout Rate": 0.1116167224336399
      },
      {
        "fold": 3,
        "RMSE": 843.3230583046555,
        "MAE": 706.4596264982877,
        "R\u00b2": 0.9735483553171859,
        "LSTM Units": 77,
        "Dropout Rate": 0.1749080237694725
      },
      {
        "fold": 4,
        "RMSE": 3031.7602826602115,
        "MAE": 2524.1244729238015,
        "R\u00b2": 0.9537608878699403,
        "LSTM Units": 73,
        "Dropout Rate": 0.1116167224336399
      },
      {
        "fold": 5,
        "RMSE": 1787.113067259003,
        "MAE": 1403.5515769675924,
        "R\u00b2": 0.9934473783554346,
        "LSTM Units": 56,
        "Dropout Rate": 0.12027162382699763
      }
    ],
    "best_r2_score": 0.9934473783554346
  },
  "BTC-USD_model_3": {
    "structure": ["LSTM", "LSTM", "GRU", "GRU"],
    "fold_results": [
      {
        "fold": 1,
        "RMSE": 525.5887993358023,
        "MAE": 525.1548996840438,
        "R\u00b2": -6.322771291714347,
        "LSTM Units": 70,
        "Dropout Rate": 0.2848919067118423
      },
      {
        "fold": 2,
        "RMSE": 663.2569652476191,
        "MAE": 422.9635506407855,
        "R\u00b2": 0.9686285693967955,
        "LSTM Units": 62,
        "Dropout Rate": 0.23350714506627193
      },
      {
        "fold": 3,
        "RMSE": 670.2619368172889,
        "MAE": 411.45277952429365,
        "R\u00b2": 0.9832908697462027,
        "LSTM Units": 77,
        "Dropout Rate": 0.1749080237694725
      },
      {
        "fold": 4,
        "RMSE": 2321.8437898589655,
        "MAE": 1796.6756340967465,
        "R\u00b2": 0.9728802449073118,
        "LSTM Units": 73,
        "Dropout Rate": 0.1116167224336399
      },
      {
        "fold": 5,
        "RMSE": 3267.1938576269476,
        "MAE": 2601.630626286008,
        "R\u00b2": 0.978099156632175,
        "LSTM Units": 77,
        "Dropout Rate": 0.1749080237694725
      }
    ],
    "best_r2_score": 0.9832908697462027
  },
  "BTC-USD_model_4": {
    "structure": ["GRU", "GRU", "LSTM", "LSTM"],
    "fold_results": [
      {
        "fold": 1,
        "RMSE": 259.6363709893745,
        "MAE": 258.8959959218406,
        "R\u00b2": -0.7869579282189436,
        "LSTM Units": 65,
        "Dropout Rate": 0.22022300234864176
      },
      {
        "fold": 2,
        "RMSE": 935.103948265048,
        "MAE": 850.6956574740475,
        "R\u00b2": 0.9376422457119351,
        "LSTM Units": 73,
        "Dropout Rate": 0.1116167224336399
      },
      {
        "fold": 3,
        "RMSE": 1493.7904508883905,
        "MAE": 1423.9368498501713,
        "R\u00b2": 0.917006498487108,
        "LSTM Units": 73,
        "Dropout Rate": 0.1116167224336399
      },
      {
        "fold": 4,
        "RMSE": 2677.3494141513156,
        "MAE": 2032.4486742829624,
        "R\u00b2": 0.9639396552020065,
        "LSTM Units": 71,
        "Dropout Rate": 0.2694024070778167
      },
      {
        "fold": 5,
        "RMSE": 2715.8903880398193,
        "MAE": 1755.8867133916324,
        "R\u00b2": 0.9848666349814761,
        "LSTM Units": 78,
        "Dropout Rate": 0.25022809962239123
      }
    ],
    "best_r2_score": 0.9848666349814761
  },
  "BTC-USD_model_5": {
    "structure": ["LSTM", "GRU", "LSTM", "GRU"],
    "fold_results": [
      {
        "fold": 1,
        "RMSE": 31.3593146045448,
        "MAE": 24.818496223345196,
        "R\u00b2": 0.9739314790455029,
        "LSTM Units": 47,
        "Dropout Rate": 0.2923972029149362
      },
      {
        "fold": 2,
        "RMSE": 699.0158858219929,
        "MAE": 557.7105329539678,
        "R\u00b2": 0.965154654402407,
        "LSTM Units": 77,
        "Dropout Rate": 0.1749080237694725
      },
      {
        "fold": 3,
        "RMSE": 805.6938841177453,
        "MAE": 604.8459231860018,
        "R\u00b2": 0.9758562422876784,
        "LSTM Units": 73,
        "Dropout Rate": 0.1116167224336399
      },
      {
        "fold": 4,
        "RMSE": 2183.058781429052,
        "MAE": 1555.783663313356,
        "R\u00b2": 0.9760254409951535,
        "LSTM Units": 77,
        "Dropout Rate": 0.10306088517571668
      },
      {
        "fold": 5,
        "RMSE": 3155.3066199802674,
        "MAE": 2363.433451753258,
        "R\u00b2": 0.9795734901138884,
        "LSTM Units": 56,
        "Dropout Rate": 0.12027162382699763
      }
    ],
    "best_r2_score": 0.9795734901138884
  },
  "BTC-USD_model_6": {
    "structure": ["GRU", "LSTM", "GRU", "LSTM"],
    "fold_results": [
      {
        "fold": 1,
        "RMSE": 503.3185216987263,
        "MAE": 502.99629657170544,
        "R\u00b2": -5.715356790550488,
        "LSTM Units": 73,
        "Dropout Rate": 0.1116167224336399
      },
      {
        "fold": 2,
        "RMSE": 755.5427104240911,
        "MAE": 637.9419391997873,
        "R\u00b2": 0.9592911602564049,
        "LSTM Units": 74,
        "Dropout Rate": 0.1562620940941485
      },
      {
        "fold": 3,
        "RMSE": 678.3994080487031,
        "MAE": 490.49196075021405,
        "R\u00b2": 0.9828826846849068,
        "LSTM Units": 73,
        "Dropout Rate": 0.1116167224336399
      },
      {
        "fold": 4,
        "RMSE": 1996.2894038523084,
        "MAE": 1441.3297356592466,
        "R\u00b2": 0.9799521976953672,
        "LSTM Units": 77,
        "Dropout Rate": 0.1749080237694725
      },
      {
        "fold": 5,
        "RMSE": 1808.3980562588683,
        "MAE": 1367.4800293638546,
        "R\u00b2": 0.9932903619257032,
        "LSTM Units": 77,
        "Dropout Rate": 0.11622983570724783
      }
    ],
    "best_r2_score": 0.9932903619257032
  },

  "ETH-USD_model_1": {
    "structure": ["LSTM", "LSTM", "LSTM", "LSTM"],
    "fold_results": [
      {
        "fold": 1,
        "RMSE": 43.49008848381637,
        "MAE": 37.27959724426269,
        "R\u00b2": 0.9422105728191122,
        "LSTM Units": 77,
        "Dropout Rate": 0.1749080237694725
      },
      {
        "fold": 2,
        "RMSE": 42.07872395561108,
        "MAE": 37.60597509765625,
        "R\u00b2": 0.8418556211668519,
        "LSTM Units": 64,
        "Dropout Rate": 0.10521297851455294
      },
      {
        "fold": 3,
        "RMSE": 202.45282541915716,
        "MAE": 160.89474572753906,
        "R\u00b2": 0.9612540032826521,
        "LSTM Units": 73,
        "Dropout Rate": 0.1116167224336399
      },
      {
        "fold": 4,
        "RMSE": 115.68028552593297,
        "MAE": 87.59748327636719,
        "R\u00b2": 0.9046818109664765,
        "LSTM Units": 52,
        "Dropout Rate": 0.1062860315300436
      },
      {
        "fold": 5,
        "RMSE": 119.24809809658584,
        "MAE": 86.76810693359376,
        "R\u00b2": 0.9697015105113893,
        "LSTM Units": 77,
        "Dropout Rate": 0.1749080237694725
      }
    ],
    "best_r2_score": 0.9697015105113893
  },
  "ETH-USD_model_2": {
    "structure": ["GRU", "GRU", "GRU", "GRU"],
    "fold_results": [
      {
        "fold": 1,
        "RMSE": 27.480482246777587,
        "MAE": 20.1269803161621,
        "R\u00b2": 0.9769263390528052,
        "LSTM Units": 73,
        "Dropout Rate": 0.1116167224336399
      },
      {
        "fold": 2,
        "RMSE": 31.314604591553508,
        "MAE": 28.20289408874512,
        "R\u00b2": 0.9124164586113583,
        "LSTM Units": 37,
        "Dropout Rate": 0.1312037280884873
      },
      {
        "fold": 3,
        "RMSE": 185.53628794200236,
        "MAE": 145.2461982421875,
        "R\u00b2": 0.96745855155987,
        "LSTM Units": 65,
        "Dropout Rate": 0.10170479419401782
      },
      {
        "fold": 4,
        "RMSE": 89.09936500446918,
        "MAE": 74.89472583007813,
        "R\u00b2": 0.9434534261057193,
        "LSTM Units": 73,
        "Dropout Rate": 0.1478310797861117
      },
      {
        "fold": 5,
        "RMSE": 104.707167551177,
        "MAE": 74.03896875,
        "R\u00b2": 0.9766401054243815,
        "LSTM Units": 77,
        "Dropout Rate": 0.1749080237694725
      }
    ],
    "best_r2_score": 0.9769263390528052
  },
  "ETH-USD_model_3": {
    "structure": ["LSTM", "LSTM", "GRU", "GRU"],
    "fold_results": [
      {
        "fold": 1,
        "RMSE": 26.730171743250704,
        "MAE": 20.85041438293457,
        "R\u00b2": 0.9781691168330778,
        "LSTM Units": 77,
        "Dropout Rate": 0.1749080237694725
      },
      {
        "fold": 2,
        "RMSE": 20.146035574593594,
        "MAE": 14.919206497192386,
        "R\u00b2": 0.963750015086097,
        "LSTM Units": 73,
        "Dropout Rate": 0.1116167224336399
      },
      {
        "fold": 3,
        "RMSE": 256.4503840448019,
        "MAE": 204.2732596435547,
        "R\u00b2": 0.9378292852033531,
        "LSTM Units": 77,
        "Dropout Rate": 0.1749080237694725
      },
      {
        "fold": 4,
        "RMSE": 106.4030495784935,
        "MAE": 78.33471130371093,
        "R\u00b2": 0.9193572685542062,
        "LSTM Units": 62,
        "Dropout Rate": 0.23350714506627193
      },
      {
        "fold": 5,
        "RMSE": 104.13037317189475,
        "MAE": 72.66414184570313,
        "R\u00b2": 0.9768967591927302,
        "LSTM Units": 73,
        "Dropout Rate": 0.1116167224336399
      }
    ],
    "best_r2_score": 0.9781691168330778
  },
  "ETH-USD_model_4": {
    "structure": ["GRU", "GRU", "LSTM", "LSTM"],
    "fold_results": [
      {
        "fold": 1,
        "RMSE": 32.03019331006307,
        "MAE": 27.15944226074219,
        "R\u00b2": 0.9686536537387243,
        "LSTM Units": 75,
        "Dropout Rate": 0.2805819476468639
      },
      {
        "fold": 2,
        "RMSE": 16.49618281924699,
        "MAE": 10.927765274047854,
        "R\u00b2": 0.9756950037034127,
        "LSTM Units": 77,
        "Dropout Rate": 0.1749080237694725
      },
      {
        "fold": 3,
        "RMSE": 167.04350011223974,
        "MAE": 128.42532360839843,
        "R\u00b2": 0.9736222155091084,
        "LSTM Units": 70,
        "Dropout Rate": 0.1268862165671468
      },
      {
        "fold": 4,
        "RMSE": 72.20793976853663,
        "MAE": 48.49753674316406,
        "R\u00b2": 0.9628612752945913,
        "LSTM Units": 77,
        "Dropout Rate": 0.1749080237694725
      },
      {
        "fold": 5,
        "RMSE": 121.35511045691179,
        "MAE": 88.65199633789062,
        "R\u00b2": 0.9686213543353926,
        "LSTM Units": 52,
        "Dropout Rate": 0.11360661888108779
      }
    ],
    "best_r2_score": 0.9756950037034127
  },
  "ETH-USD_model_5": {
    "structure": ["LSTM", "GRU", "LSTM", "GRU"],
    "fold_results": [
      {
        "fold": 1,
        "RMSE": 89.79385421080998,
        "MAE": 87.26069708251953,
        "R\u00b2": 0.7536451972352725,
        "LSTM Units": 73,
        "Dropout Rate": 0.1116167224336399
      },
      {
        "fold": 2,
        "RMSE": 70.63202496684865,
        "MAE": 68.76760940551758,
        "R\u00b2": 0.5544135745705552,
        "LSTM Units": 73,
        "Dropout Rate": 0.15973443147750993
      },
      {
        "fold": 3,
        "RMSE": 176.47259256675238,
        "MAE": 138.67812316894532,
        "R\u00b2": 0.9705602793292386,
        "LSTM Units": 53,
        "Dropout Rate": 0.1011287073837295
      },
      {
        "fold": 4,
        "RMSE": 85.72014198831292,
        "MAE": 59.97889660644531,
        "R\u00b2": 0.9476613107397963,
        "LSTM Units": 59,
        "Dropout Rate": 0.24639878836228102
      },
      {
        "fold": 5,
        "RMSE": 119.48317385239788,
        "MAE": 89.47509033203124,
        "R\u00b2": 0.969581936937928,
        "LSTM Units": 77,
        "Dropout Rate": 0.10069959127366027
      }
    ],
    "best_r2_score": 0.9705602793292386
  },
  "ETH-USD_model_6": {
    "structure": ["GRU", "LSTM", "GRU", "LSTM"],
    "fold_results": [
      {
        "fold": 1,
        "RMSE": 34.48121269724924,
        "MAE": 30.082176788330077,
        "R\u00b2": 0.963672720941814,
        "LSTM Units": 73,
        "Dropout Rate": 0.1116167224336399
      },
      {
        "fold": 2,
        "RMSE": 66.54967114167678,
        "MAE": 64.16329652404785,
        "R\u00b2": 0.6044326256535508,
        "LSTM Units": 59,
        "Dropout Rate": 0.24639878836228102
      },
      {
        "fold": 3,
        "RMSE": 179.95765226796755,
        "MAE": 130.71182800292968,
        "R\u00b2": 0.9693860202569364,
        "LSTM Units": 76,
        "Dropout Rate": 0.2608282044829292
      },
      {
        "fold": 4,
        "RMSE": 70.94164088848757,
        "MAE": 48.415576049804685,
        "R\u00b2": 0.9641524451604064,
        "LSTM Units": 73,
        "Dropout Rate": 0.1116167224336399
      },
      {
        "fold": 5,
        "RMSE": 101.16752220386192,
        "MAE": 71.32636474609374,
        "R\u00b2": 0.9781927811499183,
        "LSTM Units": 70,
        "Dropout Rate": 0.10219925785512428
      }
    ],
    "best_r2_score": 0.9781927811499183
  },
  "BNB-USD_model_1": {
    "structure": ["LSTM", "LSTM", "LSTM", "LSTM"],
    "fold_results": [
      {
        "fold": 1,
        "RMSE": 11.445082377590557,
        "MAE": 11.319036905288696,
        "R\u00b2": -0.9449865617418864,
        "LSTM Units": 37,
        "Dropout Rate": 0.1312037280884873
      },
      {
        "fold": 2,
        "RMSE": 2.2883410496447363,
        "MAE": 1.748316566467285,
        "R\u00b2": 0.8248908796190367,
        "LSTM Units": 37,
        "Dropout Rate": 0.19347174544543616
      },
      {
        "fold": 3,
        "RMSE": 36.69307219094059,
        "MAE": 24.72633479309082,
        "R\u00b2": 0.9522642410877905,
        "LSTM Units": 73,
        "Dropout Rate": 0.1116167224336399
      },
      {
        "fold": 4,
        "RMSE": 13.557929576675866,
        "MAE": 9.590201110839844,
        "R\u00b2": 0.8903933628831906,
        "LSTM Units": 65,
        "Dropout Rate": 0.22022300234864176
      },
      {
        "fold": 5,
        "RMSE": 31.87374759162372,
        "MAE": 25.331598236083984,
        "R\u00b2": 0.964069411165354,
        "LSTM Units": 77,
        "Dropout Rate": 0.11093461439551092
      }
    ],
    "best_r2_score": 0.964069411165354
  },
  "BNB-USD_model_2": {
    "structure": ["GRU", "GRU", "GRU", "GRU"],
    "fold_results": [
      {
        "fold": 1,
        "RMSE": 0.9559474332578982,
        "MAE": 0.6473714151382445,
        "R\u00b2": 0.986431033129438,
        "LSTM Units": 56,
        "Dropout Rate": 0.12027162382699763
      },
      {
        "fold": 2,
        "RMSE": 1.3349683022186016,
        "MAE": 1.064183650970459,
        "R\u00b2": 0.9404050895479766,
        "LSTM Units": 65,
        "Dropout Rate": 0.22022300234864176
      },
      {
        "fold": 3,
        "RMSE": 31.451087997391333,
        "MAE": 22.652726192474365,
        "R\u00b2": 0.9649290905343757,
        "LSTM Units": 73,
        "Dropout Rate": 0.1116167224336399
      },
      {
        "fold": 4,
        "RMSE": 19.068213599717545,
        "MAE": 16.616093688964845,
        "R\u00b2": 0.7831945864861987,
        "LSTM Units": 73,
        "Dropout Rate": 0.1116167224336399
      },
      {
        "fold": 5,
        "RMSE": 15.528397723062549,
        "MAE": 10.269181610107422,
        "R\u00b2": 0.9914719179886539,
        "LSTM Units": 56,
        "Dropout Rate": 0.10093772923657214
      }
    ],
    "best_r2_score": 0.9914719179886539
  },
  "BNB-USD_model_3": {
    "structure": ["LSTM", "LSTM", "GRU", "GRU"],
    "fold_results": [
      {
        "fold": 1,
        "RMSE": 2.5527819862022367,
        "MAE": 2.3768076667785643,
        "R\u00b2": 0.9032376934118618,
        "LSTM Units": 73,
        "Dropout Rate": 0.1116167224336399
      },
      {
        "fold": 2,
        "RMSE": 7.436644816276356,
        "MAE": 7.308661809921265,
        "R\u00b2": -0.8493595013645932,
        "LSTM Units": 48,
        "Dropout Rate": 0.10557067211036814
      },
      {
        "fold": 3,
        "RMSE": 34.69974736561779,
        "MAE": 23.29632255935669,
        "R\u00b2": 0.9573097884881979,
        "LSTM Units": 73,
        "Dropout Rate": 0.1116167224336399
      },
      {
        "fold": 4,
        "RMSE": 16.88913368880543,
        "MAE": 13.786036254882813,
        "R\u00b2": 0.8299154549835662,
        "LSTM Units": 77,
        "Dropout Rate": 0.1749080237694725
      },
      {
        "fold": 5,
        "RMSE": 22.602712519040114,
        "MAE": 16.705677978515624,
        "R\u00b2": 0.9819316206991758,
        "LSTM Units": 37,
        "Dropout Rate": 0.1312037280884873
      }
    ],
    "best_r2_score": 0.9819316206991758
  },
  "BNB-USD_model_4": {
    "structure": ["GRU", "GRU", "LSTM", "LSTM"],
    "fold_results": [
      {
        "fold": 1,
        "RMSE": 6.8497607087489705,
        "MAE": 6.766955976486206,
        "R\u00b2": 0.3033260700335678,
        "LSTM Units": 73,
        "Dropout Rate": 0.1116167224336399
      },
      {
        "fold": 2,
        "RMSE": 9.706411879889291,
        "MAE": 9.63462064933777,
        "R\u00b2": -2.15053781086139,
        "LSTM Units": 77,
        "Dropout Rate": 0.1749080237694725
      },
      {
        "fold": 3,
        "RMSE": 34.825151601314296,
        "MAE": 25.676249504089355,
        "R\u00b2": 0.9570006676710135,
        "LSTM Units": 73,
        "Dropout Rate": 0.1116167224336399
      },
      {
        "fold": 4,
        "RMSE": 11.464689807466963,
        "MAE": 8.593203979492188,
        "R\u00b2": 0.9216255108074796,
        "LSTM Units": 56,
        "Dropout Rate": 0.12027162382699763
      },
      {
        "fold": 5,
        "RMSE": 15.547140878328557,
        "MAE": 10.213341766357422,
        "R\u00b2": 0.9914513183575245,
        "LSTM Units": 77,
        "Dropout Rate": 0.1749080237694725
      }
    ],
    "best_r2_score": 0.9914513183575245
  },
  "BNB-USD_model_5": {
    "structure": ["LSTM", "GRU", "LSTM", "GRU"],
    "fold_results": [
      {
        "fold": 1,
        "RMSE": 2.4960362438458548,
        "MAE": 2.2861290764808655,
        "R\u00b2": 0.9074917354417422,
        "LSTM Units": 57,
        "Dropout Rate": 0.10999434568856584
      },
      {
        "fold": 2,
        "RMSE": 17.19368791640606,
        "MAE": 17.14344687461853,
        "R\u00b2": -8.885652566113272,
        "LSTM Units": 59,
        "Dropout Rate": 0.24639878836228102
      },
      {
        "fold": 3,
        "RMSE": 29.619067104672748,
        "MAE": 19.775114696502687,
        "R\u00b2": 0.9688958432334095,
        "LSTM Units": 73,
        "Dropout Rate": 0.1116167224336399
      },
      {
        "fold": 4,
        "RMSE": 19.62078137089615,
        "MAE": 16.46943078613281,
        "R\u00b2": 0.7704471427229949,
        "LSTM Units": 65,
        "Dropout Rate": 0.22022300234864176
      },
      {
        "fold": 5,
        "RMSE": 25.610120807885863,
        "MAE": 19.118331939697267,
        "R\u00b2": 0.9768035604022781,
        "LSTM Units": 77,
        "Dropout Rate": 0.1749080237694725
      }
    ],
    "best_r2_score": 0.9768035604022781
  },
  "BNB-USD_model_6": {
    "structure": ["GRU", "LSTM", "GRU", "LSTM"],
    "fold_results": [
      {
        "fold": 1,
        "RMSE": 8.615598302043187,
        "MAE": 8.530416929244995,
        "R\u00b2": -0.10217268362374754,
        "LSTM Units": 67,
        "Dropout Rate": 0.10480194703167228
      },
      {
        "fold": 2,
        "RMSE": 7.253707141602958,
        "MAE": 7.11791192817688,
        "R\u00b2": -0.7594920098680147,
        "LSTM Units": 37,
        "Dropout Rate": 0.1312037280884873
      },
      {
        "fold": 3,
        "RMSE": 28.29768396368722,
        "MAE": 18.8912565574646,
        "R\u00b2": 0.9716092108265121,
        "LSTM Units": 73,
        "Dropout Rate": 0.1116167224336399
      },
      {
        "fold": 4,
        "RMSE": 10.279061754132531,
        "MAE": 7.022042602539062,
        "R\u00b2": 0.9369976054502699,
        "LSTM Units": 73,
        "Dropout Rate": 0.1116167224336399
      },
      {
        "fold": 5,
        "RMSE": 20.651130602050525,
        "MAE": 14.743655670166016,
        "R\u00b2": 0.9849170690515039,
        "LSTM Units": 37,
        "Dropout Rate": 0.1312037280884873
      }
    ],
    "best_r2_score": 0.9849170690515039
  },
  "SOL-USD_model_1": {
    "structure": ["LSTM", "LSTM", "LSTM", "LSTM"],
    "fold_results": [
      {
        "fold": 1,
        "RMSE": 2.842939423481971,
        "MAE": 1.96145706228268,
        "R\u00b2": 0.9631558461763183,
        "LSTM Units": 73,
        "Dropout Rate": 0.10019837289392541
      },
      {
        "fold": 2,
        "RMSE": 16.850919707051617,
        "MAE": 13.005296871985918,
        "R\u00b2": 0.9189924045702198,
        "LSTM Units": 56,
        "Dropout Rate": 0.12027162382699763
      },
      {
        "fold": 3,
        "RMSE": 5.398689441255218,
        "MAE": 4.460837222474279,
        "R\u00b2": 0.7291004804637886,
        "LSTM Units": 77,
        "Dropout Rate": 0.1749080237694725
      },
      {
        "fold": 4,
        "RMSE": 4.685765994630179,
        "MAE": 2.8327823290514873,
        "R\u00b2": 0.9788848413950033,
        "LSTM Units": 65,
        "Dropout Rate": 0.24552652427709723
      },
      {
        "fold": 5,
        "RMSE": 9.399970141412373,
        "MAE": 7.29494195235403,
        "R\u00b2": 0.9133882344932155,
        "LSTM Units": 77,
        "Dropout Rate": 0.1749080237694725
      }
    ],
    "best_r2_score": 0.9788848413950033
  },
  "SOL-USD_model_2": {
    "structure": ["GRU", "GRU", "GRU", "GRU"],
    "fold_results": [
      {
        "fold": 1,
        "RMSE": 2.159107052261798,
        "MAE": 1.159321160964024,
        "R\u00b2": 0.9787488847420521,
        "LSTM Units": 65,
        "Dropout Rate": 0.22022300234864176
      },
      {
        "fold": 2,
        "RMSE": 9.444808689501661,
        "MAE": 6.830207589231891,
        "R\u00b2": 0.9745513438663618,
        "LSTM Units": 73,
        "Dropout Rate": 0.1777062296012084
      },
      {
        "fold": 3,
        "RMSE": 2.0665549262840246,
        "MAE": 1.4259040082571308,
        "R\u00b2": 0.9603059466265286,
        "LSTM Units": 73,
        "Dropout Rate": 0.10139606489122542
      },
      {
        "fold": 4,
        "RMSE": 7.36435751816138,
        "MAE": 6.437071218579177,
        "R\u00b2": 0.9478441673087553,
        "LSTM Units": 52,
        "Dropout Rate": 0.10352555431803345
      },
      {
        "fold": 5,
        "RMSE": 12.870349801683185,
        "MAE": 10.95645143963604,
        "R\u00b2": 0.8376304284680316,
        "LSTM Units": 77,
        "Dropout Rate": 0.1749080237694725
      }
    ],
    "best_r2_score": 0.9787488847420521
  },
  "SOL-USD_model_3": {
    "structure": ["LSTM", "LSTM", "GRU", "GRU"],
    "fold_results": [
      {
        "fold": 1,
        "RMSE": 3.3440176614479244,
        "MAE": 2.6984025060248067,
        "R\u00b2": 0.949023442957033,
        "LSTM Units": 70,
        "Dropout Rate": 0.29461939352468947
      },
      {
        "fold": 2,
        "RMSE": 11.429662187864622,
        "MAE": 8.31247967849543,
        "R\u00b2": 0.962731208353246,
        "LSTM Units": 72,
        "Dropout Rate": 0.11899367864315172
      },
      {
        "fold": 3,
        "RMSE": 2.9268979048910606,
        "MAE": 2.059788004163618,
        "R\u00b2": 0.9203755049170198,
        "LSTM Units": 77,
        "Dropout Rate": 0.19914556455290527
      },
      {
        "fold": 4,
        "RMSE": 5.295191491894781,
        "MAE": 4.263208218034207,
        "R\u00b2": 0.9730352439309464,
        "LSTM Units": 79,
        "Dropout Rate": 0.24052789280133682
      },
      {
        "fold": 5,
        "RMSE": 8.301209078493585,
        "MAE": 6.359708591142306,
        "R\u00b2": 0.9324529093671319,
        "LSTM Units": 73,
        "Dropout Rate": 0.1116167224336399
      }
    ],
    "best_r2_score": 0.9730352439309464
  },
  "SOL-USD_model_4": {
    "structure": ["GRU", "GRU", "LSTM", "LSTM"],
    "fold_results": [
      {
        "fold": 1,
        "RMSE": 2.466603282623463,
        "MAE": 1.7104785195839258,
        "R\u00b2": 0.9722647563695165,
        "LSTM Units": 73,
        "Dropout Rate": 0.1116167224336399
      },
      {
        "fold": 2,
        "RMSE": 13.234812092858393,
        "MAE": 10.300757861431734,
        "R\u00b2": 0.9500294554905658,
        "LSTM Units": 77,
        "Dropout Rate": 0.1749080237694725
      },
      {
        "fold": 3,
        "RMSE": 3.9019085770126196,
        "MAE": 3.166896388995758,
        "R\u00b2": 0.8584904588114797,
        "LSTM Units": 75,
        "Dropout Rate": 0.2759202993423524
      },
      {
        "fold": 4,
        "RMSE": 4.112102215724872,
        "MAE": 2.489580479199672,
        "R\u00b2": 0.9837384867121418,
        "LSTM Units": 70,
        "Dropout Rate": 0.28095396028439024
      },
      {
        "fold": 5,
        "RMSE": 7.730598729309687,
        "MAE": 5.896243092445397,
        "R\u00b2": 0.9414198869754229,
        "LSTM Units": 77,
        "Dropout Rate": 0.1749080237694725
      }
    ],
    "best_r2_score": 0.9837384867121418
  },
  "SOL-USD_model_5": {
    "structure": ["LSTM", "GRU", "LSTM", "GRU"],
    "fold_results": [
      {
        "fold": 1,
        "RMSE": 2.3681690637186326,
        "MAE": 1.4183064342280964,
        "R\u00b2": 0.9744342356345738,
        "LSTM Units": 77,
        "Dropout Rate": 0.10465102735193894
      },
      {
        "fold": 2,
        "RMSE": 11.118217949114467,
        "MAE": 8.229082031014524,
        "R\u00b2": 0.9647345939245174,
        "LSTM Units": 56,
        "Dropout Rate": 0.12027162382699763
      },
      {
        "fold": 3,
        "RMSE": 2.891060638057453,
        "MAE": 1.9844740876472402,
        "R\u00b2": 0.9223134302789517,
        "LSTM Units": 37,
        "Dropout Rate": 0.1312037280884873
      },
      {
        "fold": 4,
        "RMSE": 4.7624493959707515,
        "MAE": 3.7328990959899713,
        "R\u00b2": 0.9781880796330944,
        "LSTM Units": 73,
        "Dropout Rate": 0.1116167224336399
      },
      {
        "fold": 5,
        "RMSE": 9.079713087223961,
        "MAE": 7.096085917469887,
        "R\u00b2": 0.919189425569713,
        "LSTM Units": 77,
        "Dropout Rate": 0.1749080237694725
      }
    ],
    "best_r2_score": 0.9781880796330944
  },
  "SOL-USD_model_6": {
    "structure": ["GRU", "LSTM", "GRU", "LSTM"],
    "fold_results": [
      {
        "fold": 1,
        "RMSE": 2.8607824074901393,
        "MAE": 2.250471789665796,
        "R\u00b2": 0.9626919089752713,
        "LSTM Units": 74,
        "Dropout Rate": 0.12590298425656082
      },
      {
        "fold": 2,
        "RMSE": 10.196413663547503,
        "MAE": 7.634208920561237,
        "R\u00b2": 0.9703398450751268,
        "LSTM Units": 73,
        "Dropout Rate": 0.1116167224336399
      },
      {
        "fold": 3,
        "RMSE": 2.416247478373967,
        "MAE": 1.660589097085014,
        "R\u00b2": 0.9457356792110556,
        "LSTM Units": 65,
        "Dropout Rate": 0.22022300234864176
      },
      {
        "fold": 4,
        "RMSE": 4.943684585558455,
        "MAE": 3.65158280647207,
        "R\u00b2": 0.976496385030304,
        "LSTM Units": 73,
        "Dropout Rate": 0.1116167224336399
      },
      {
        "fold": 5,
        "RMSE": 9.978858502209492,
        "MAE": 7.905888064357887,
        "R\u00b2": 0.9023919419951731,
        "LSTM Units": 73,
        "Dropout Rate": 0.1116167224336399
      }
    ],
    "best_r2_score": 0.976496385030304
  }
}
